Student_ID,Year,FAR,AFAR,AUD,MAS,RFBT,TAX,Mock_Exam_1,Mock_Exam_2,Mock_Exam_3,Mock_Exam_4,Mock_Exam_5,Mock_Exam_6,Mock_Exam_7,Mock_Exam_8,Mock_Exam_9,Mock_Exam_10,Attendance_Percent,Study_Hours_Per_Week,CPA_Overall_Rating,Risk_Level,CPA_Result
CPA24001,2024,86,89,78,78,75,93,80,81,82,84,85,89,89,90,94,97,75,30,83.17,Medium,Pass
CPA24002,2024,93,90,83,80,95,89,89,87,89,87,86,88,89,91,91,95,94,11,88.33,Low,Pass
CPA24003,2024,57,63,77,73,67,70,63,67,67,69,68,72,72,72,72,70,90,10,67.83,High,Fail
CPA24004,2024,86,91,91,91,86,85,81,83,84,87,85,87,88,90,91,93,85,11,88.33,Low,Pass
CPA24005,2024,75,81,80,93,75,84,76,78,81,84,84,87,85,89,89,93,87,20,81.33,Medium,Pass
CPA24006,2024,85,85,89,94,84,95,89,88,92,91,94,94,97,100,99,100,92,19,88.67,Low,Pass
CPA24007,2024,94,81,93,80,82,76,87,86,85,86,86,90,91,94,92,93,84,11,84.33,Medium,Pass
CPA24008,2024,93,91,75,79,88,88,80,80,81,81,85,87,91,94,98,97,98,13,85.67,Low,Pass
CPA24009,2024,68,60,67,71,74,72,73,76,76,77,79,81,81,85,86,89,90,23,68.67,High,Fail
CPA24010,2024,93,92,75,85,83,76,86,87,89,89,93,97,99,100,99,100,96,19,84,Medium,Pass
CPA24011,2024,61,62,70,57,63,73,59,57,61,64,62,60,62,66,66,64,81,16,64.33,High,Fail
CPA24012,2024,80,80,87,82,95,77,81,79,82,86,89,87,88,90,92,90,79,9,83.5,Medium,Pass
CPA24013,2024,85,91,92,75,80,86,87,90,88,86,87,90,89,91,93,93,89,9,84.83,Medium,Pass
CPA24014,2024,65,77,79,58,56,77,70,72,74,75,75,74,78,81,79,81,99,8,68.67,High,Fail
CPA24015,2024,62,76,64,79,78,57,65,67,68,67,71,75,79,80,84,85,89,29,69.33,High,Fail
CPA24016,2024,73,56,77,67,61,57,65,64,64,67,70,69,67,71,71,69,85,30,65.17,High,Fail
CPA24017,2024,91,87,77,92,80,78,78,77,80,80,84,83,82,81,85,88,84,22,84.17,Medium,Pass
CPA24018,2024,95,92,77,79,90,88,90,92,95,98,99,100,100,100,100,100,95,29,86.83,Low,Pass
CPA24019,2024,84,85,75,85,85,82,74,74,72,75,73,71,73,71,72,70,77,19,82.67,Medium,Pass
CPA24020,2024,82,86,85,80,83,93,87,89,88,88,92,90,91,94,93,93,83,17,84.83,Medium,Pass
CPA24021,2024,78,64,55,60,75,76,60,64,68,71,74,75,73,76,76,77,79,14,68,High,Fail
CPA24022,2024,75,94,92,76,94,93,88,88,89,91,92,93,92,94,95,93,89,16,87.33,Low,Pass
CPA00023,2024,62,56,68,71,57,55,69,67,53,47,62,63,63,61,48,68,73,12,60.7,High,Fail
CPA00024,2024,87,88,75,83,96,82,80,91,81,89,82,93,86,93,87,94,89,13,86.6,Low,Pass
CPA00025,2024,96,82,94,82,87,87,84,99,93,87,90,77,87,92,88,86,96,20,88.2,Low,Pass
CPA00026,2024,69,58,84,59,68,87,79,81,76,76,81,70,76,74,75,76,72,12,74.2,Medium,Pass
CPA00027,2024,67,77,80,65,69,80,70,72,81,78,75,74,66,80,71,76,97,17,73.8,Medium,Pass
CPA00028,2024,81,79,82,78,96,88,77,88,88,96,91,82,79,98,91,80,99,17,85.8,Low,Pass
CPA00029,2024,74,73,78,68,74,67,72,74,75,74,82,70,72,86,72,66,79,15,73.5,Medium,Pass
CPA00030,2024,75,75,77,70,62,81,78,75,86,73,69,78,79,85,77,73,77,14,75.7,Medium,Pass
CPA00031,2024,75,73,71,67,74,81,69,73,83,71,79,72,73,74,80,70,86,21,74.0,Medium,Pass
CPA00032,2024,70,74,65,73,56,75,71,67,65,78,73,85,88,74,78,75,72,21,72.8,Medium,Pass
CPA00033,2024,68,70,76,61,69,73,83,69,69,80,90,85,78,73,80,85,85,9,75.3,Medium,Pass
CPA00034,2024,89,94,74,95,92,88,94,96,86,86,87,90,93,82,85,86,94,11,88.6,Low,Pass
CPA00035,2024,87,96,80,91,79,89,87,85,85,87,75,82,76,94,87,86,77,16,85.4,Low,Pass
CPA00036,2024,71,70,90,64,68,83,82,75,72,82,78,78,78,73,77,88,88,22,76.7,Medium,Pass
CPA00037,2024,59,67,56,63,71,49,55,61,70,68,58,57,58,56,64,60,98,18,60.8,High,Fail
CPA00038,2024,62,78,71,65,69,84,64,67,84,77,83,75,69,65,73,79,87,14,72.8,Medium,Pass
CPA00039,2024,67,60,62,63,59,56,68,62,62,60,55,51,63,79,59,61,99,11,61.7,High,Fail
CPA00040,2024,62,56,56,58,61,56,71,68,75,61,67,64,66,76,77,69,85,22,64.9,High,Fail
CPA00041,2024,53,60,71,47,59,71,66,65,67,70,60,59,45,53,53,62,86,12,60.1,High,Fail
CPA00042,2024,86,84,76,85,96,98,92,85,96,91,88,95,79,80,89,92,99,21,88.2,Low,Pass
CPA00043,2024,82,79,90,75,90,83,84,83,89,95,93,78,93,86,99,88,81,20,86.5,Low,Pass
CPA00044,2024,76,73,70,84,77,72,78,66,72,72,67,66,78,74,82,66,77,20,73.4,Medium,Pass
CPA00045,2024,53,63,69,89,68,71,73,61,66,72,76,74,73,70,72,69,79,10,69.9,Medium,Pass
CPA00046,2024,61,64,65,61,55,68,74,71,54,58,67,70,66,75,64,71,94,12,65.1,High,Fail
CPA00047,2024,79,85,79,76,76,82,95,85,81,80,88,76,94,95,96,89,84,12,84.5,Low,Pass
CPA00048,2024,49,51,67,65,64,69,65,74,63,71,63,68,60,65,69,61,71,11,63.9,High,Fail
CPA00049,2024,58,63,60,60,59,59,61,54,78,57,57,68,64,59,61,68,86,16,61.6,High,Fail
CPA00050,2024,51,57,62,47,59,73,70,50,59,56,67,70,65,55,70,66,84,16,60.9,High,Fail
CPA00051,2024,78,77,79,66,72,65,68,74,72,75,75,83,70,67,81,70,87,15,73.2,Medium,Pass
CPA00052,2024,88,82,74,90,79,96,85,90,92,86,86,92,84,86,78,94,75,13,86.3,Low,Pass
CPA00053,2024,56,65,74,61,53,61,56,65,54,63,67,50,60,71,56,57,78,16,60.6,High,Fail
CPA00054,2024,67,70,83,64,72,81,78,67,73,71,79,65,80,80,78,80,96,17,74.2,Medium,Pass
